industry,capex_pct_revenue,da_pct_revenue,ebitda_pct_revenue,effective_tax_rate,levered_beta,debt_equity
Advertising,0.0247,0.0399,0.1406,0.4000,1.2105,0.4020
Aerospace/Defense,0.0285,0.0203,0.1069,0.2347,0.9455,0.1556
Air Transport,0.0855,0.0495,0.1027,0.2964,1.1855,0.9117
Apparel,0.0444,0.0236,0.1147,0.1879,0.9359,0.3129
Auto & Truck,0.0727,0.0517,0.0749,0.3709,1.4565,0.1970
Auto Parts,0.0537,0.0336,0.0904,0.4000,1.3394,0.4146
Bank (Money Center),0.0179,0.0050,0.0000,0.1738,0.7610,1.6419
Banks (Regional),0.0050,0.0050,0.0000,0.2091,0.3985,0.5210
Beverage (Alcoholic),0.1050,0.0676,0.2952,0.4000,0.8125,0.4334
Beverage (Soft),0.0695,0.0226,0.2278,0.1975,0.6415,0.2059
Broadcasting,0.0362,0.0588,0.1821,0.3331,0.4708,0.8585
Brokerage & Investment Banking,0.0164,0.0050,-0.0000,0.2029,1.1715,1.3557
Building Materials,0.0745,0.0468,0.1732,0.3386,1.1115,0.2600
Business & Consumer Services,0.0673,0.0337,0.1565,0.2465,0.8880,0.1972
Cable TV,0.1310,0.1388,0.3237,0.1538,0.7407,1.4694
Chemical (Basic),0.1361,0.0966,0.1234,,1.0122,0.9935
Chemical (Diversified),0.0521,0.0639,0.0968,,0.8507,1.7611
Chemical (Specialty),0.0989,0.0584,0.1801,0.3945,0.9698,0.2988
Coal & Related Energy,0.1394,0.1706,0.1304,,1.0710,0.0714
Computer Services,0.0348,0.0157,0.0898,0.2387,1.0879,0.2510
Computers/Peripherals,0.0574,0.0284,0.2532,0.1577,1.3503,0.0462
Construction Supplies,0.1085,0.0424,0.1946,0.2256,1.1504,0.1762
Diversified,0.1086,0.0855,0.3127,0.1811,0.8810,0.1555
Drugs (Biotechnology),0.0283,0.0640,0.1538,,1.1353,0.1304
Drugs (Pharmaceutical),0.0516,0.0405,0.3359,0.1827,0.9828,0.1454
Education,0.0320,0.0255,0.1657,0.2656,0.7809,0.2438
Electrical Equipment,0.0620,0.0311,0.1265,0.4000,1.2511,0.1200
Electronics (Consumer & Office),0.0050,0.0184,-0.0265,,0.8660,0.0580
Electronics (General),0.0762,0.0194,0.1236,0.2256,0.9715,0.1101
Engineering/Construction,0.0632,0.0147,0.0796,0.2471,1.2100,0.1401
Entertainment,0.0591,0.0717,0.1777,0.1330,0.8252,0.1591
Environmental & Waste Services,0.1982,0.0638,0.2099,0.2229,0.9455,0.2145
Farming/Agriculture,0.0625,0.0260,0.0804,0.1897,1.1292,0.5185
Financial Svcs. (Non-bank & Insurance),0.0492,0.0254,0.2102,0.1864,0.9697,2.7213
Food Processing,0.0691,0.0462,0.1525,0.2126,0.6075,0.4373
Food Wholesalers,0.0260,0.0110,0.0371,0.2381,0.8666,0.4697
Furn/Home Furnishings,0.0905,0.0317,0.0975,0.4000,0.8232,0.4233
Green & Renewable Energy,0.4759,0.3858,0.5845,,0.8563,1.1311
Healthcare Products,0.0952,0.0500,0.2034,,0.9086,0.1279
Healthcare Support Services,0.0173,0.0087,0.0387,0.2845,0.8720,0.3543
Heathcare Information and Technology,0.0671,0.0579,0.2050,0.1972,1.1083,0.1574
Homebuilding,0.0225,0.0157,0.1414,0.2364,0.9106,0.2134
Hospitals/Healthcare Facilities,0.0541,0.0245,0.1580,0.2199,0.7997,0.5992
Hotel/Gaming,0.0758,0.0506,0.2445,0.1767,1.0804,0.3975
Household Products,0.0485,0.0372,0.2234,0.2223,0.8155,0.1815
Information Services,0.0252,0.0539,0.1728,0.2212,0.9206,0.3317
Insurance (General),0.5000,0.0225,0.2357,0.2303,0.6720,0.2563
Insurance (Life),0.0121,0.0089,0.1150,0.1887,0.6445,0.6784
Insurance (Prop/Cas.),0.0050,0.0050,0.1473,0.2175,0.4841,0.1483
Investments & Asset Management,0.0717,0.0050,0.1165,0.1904,0.6596,0.3269
Machinery,0.0789,0.0376,0.1962,0.2129,0.9636,0.1469
Metals & Mining,0.1012,0.0551,0.2936,0.3636,1.0430,0.1098
Office Equipment & Services,0.0547,0.0360,0.1433,0.2613,1.3344,0.4810
Oil/Gas (Integrated),0.1081,0.1042,0.2167,0.3144,0.3000,0.1385
Oil/Gas (Production and Exploration),0.3684,0.1779,0.4321,0.2593,0.7214,0.3759
Oil/Gas Distribution,0.2656,0.0697,0.3274,0.2208,0.6692,0.5853
Oilfield Svcs/Equip.,0.0402,0.0311,0.0776,0.1902,0.9512,0.3736
Packaging & Container,0.0992,0.0478,0.1436,0.2433,1.0219,0.5511
Paper/Forest Products,0.1011,0.0831,0.1465,0.4000,0.9580,0.4369
Power,0.3821,0.1386,0.3533,0.0969,0.4824,0.7415
Precious Metals,0.0050,0.0050,0.3462,0.2936,0.8366,0.0728
Publishing & Newspapers,0.0261,0.0320,0.1318,0.2241,0.5630,0.2394
R.E.I.T.,0.0644,0.1915,0.4379,0.0500,0.6418,0.8446
Real Estate (Development),0.0050,0.0342,0.2495,0.3782,0.8436,1.0183
Real Estate (General/Diversified),0.0618,0.0574,0.2719,0.1619,0.8100,0.5356
Real Estate (Operations & Services),0.0357,0.0111,0.0396,0.2894,0.9655,0.2464
Recreation,0.0828,0.0694,0.1664,,1.0235,0.6299
Reinsurance,0.0050,0.0050,0.0596,0.3036,0.5813,0.4347
Restaurant/Dining,0.0737,0.0368,0.1947,0.2206,0.9241,0.2722
Retail (Automotive),0.0324,0.0099,0.0724,0.2174,0.9360,0.4536
Retail (Building Supply),0.0803,0.0228,0.1421,0.2461,1.5353,0.2329
Retail (Distributors),0.1286,0.0128,0.1137,0.2403,0.9484,0.2824
Retail (General),0.0817,0.0330,0.1011,0.2031,0.8052,0.0794
Retail (Grocery and Food),0.0121,0.0311,0.0540,0.1699,1.1183,0.5195
Retail (REITs),0.0407,0.2692,0.6717,0.0500,0.6207,0.5642
Retail (Special Lines),0.0372,0.0213,0.0985,0.2606,1.0894,0.1976
Rubber& Tires,0.0645,0.0648,0.0873,,0.5294,3.0000
Semiconductor,0.0585,0.0144,0.3677,0.1511,1.5182,0.0259
Semiconductor Equip,0.0702,0.0289,0.2906,0.1744,1.3972,0.0486
Shipbuilding & Marine,0.1270,0.0781,0.2041,0.2120,0.7529,0.2255
Shoe,0.0324,0.0284,0.1187,0.1799,1.0173,0.1194
Software (Entertainment),0.2057,0.0105,0.3490,0.2202,1.0283,0.0204
Software (Internet),0.3184,0.0583,0.0952,0.4000,1.6887,0.1230
Software (System & Application),0.2077,0.0295,0.3593,0.1849,1.2766,0.0558
Steel,0.1218,0.0649,0.1058,0.1784,1.0628,0.2351
Telecom (Wireless),0.1397,0.1359,0.3457,0.2264,0.5381,0.5195
Telecom. Equipment,0.1033,0.0326,0.2395,0.1533,0.9232,0.0922
Telecom. Services,0.1514,0.1423,0.3470,0.1791,0.6287,0.9606
Tobacco,0.0050,0.0050,0.4222,0.2096,0.7943,0.2297
Total Market,0.0798,0.0375,0.1656,0.1996,0.9121,0.3517
Total Market (without financials),0.0857,0.0428,0.1742,0.2020,0.9913,0.1729
Transportation,0.0446,0.0226,0.0983,,0.8599,0.3645
Transportation (Railroads),0.1825,0.1178,0.4919,0.2264,0.9751,0.2779
Trucking,0.1372,0.0869,0.1558,0.2578,1.0113,0.2523
Utility (General),0.4500,0.1143,0.3492,0.1447,0.3000,0.8148
Utility (Water),0.5000,0.1201,0.4573,0.1465,0.4127,0.6236
